<?xml version="1.0" standalone="yes"?>  <DATAPACKET Version="2.0"><METADATA><FIELDS><FIELD attrname="HOST" fieldtype="string" WIDTH="20"/><FIELD attrname="PORTA" fieldtype="i4"/></FIELDS><PARAMS CHANGE_LOG="1 0 4 2 0 4 3 0 4 4 0 4 5 0 4 6 0 4 7 0 4"/></METADATA><ROWDATA><ROW RowState="4" HOST="1111111" PORTA="1111"/><ROW RowState="4" HOST="222222" PORTA="22222"/><ROW RowState="4" HOST="33333" PORTA="33333"/><ROW RowState="4" HOST="4444444" PORTA="44"/><ROW RowState="4" HOST="aaaaa" PORTA="232323"/><ROW RowState="4" HOST="gggggg" PORTA="56565656"/><ROW RowState="4" HOST="asasasas" PORTA="6666"/></ROWDATA></DATAPACKET>